Name,First name,Email
Barenbaum,Pablo,foones@gmail.com
Bojan,Petrovic,bojan_petrovic@fastmail.fm
Buhler,David,david@buhle.fr
Cagne,Pierre,pierre.cagne@ens.fr
Carré,Béatrice,beatrice.carre@pps.univ-paris-diderot.fr
CHARGUERAUD,ARTHUR,arthur.chargueraud@inria.fr
Curien,Pierre-Louis,curien@pps.univ-paris-diderot.fr
Doumane,Amina,doumane@pps.univ-paris-diderot.fr
Dubut,Jeremy,jdubut@ens-cachan.fr
ED-DBALI,Ali,ali.eddbali@univ-orleans.fr
FRITTELLA,Sabine,sabine.frittella@centrale-marseille.fr
Gheerbrant,Amelie,amelie@liafa.univ-paris-diderot.fr
Gregoire,Benjamin,Benjamin.Gregoire@inria.fr
Grellois,Charles,grellois@pps.univ-paris-diderot.fr
Guillon,Bruno,guillonb@liafa.univ-paris-diderot.fr
Hamdaoui,Yann,yann.hamdaoui@gmail.com
Hirschi,Lucca,lucca.hirschi@ens-lyon.fr
Igor,Zhirkov,igorjirkov@gmail.com
Jacq,Clement,clement.l.g.jacq@gmail.com
JOMAA,NARJES,narjes.jomaa@univ-lille1.fr
Kobeissi,Nadim,nadim.kobeissi@inria.fr
Kosik,Matej,m4tej.kosik@gmail.com
KOSMATOV,Nikolai,nikolai.kosmatov@cea.fr
Léchenet,Jean-Christophe,jean-christophe.lechenet@cea.fr
Letouzey,Pierre,pierre.letouzey@inria.fr
Lewertowski,Gabriel,gabriel.lewertowski@polytechnique.edu
Mahboubi,Assia,Assia.Mahboubi@inria.fr
Mangin,Cyprien,cyprien.mangin@m4x.org
Maronne,Sébastien,smaronne@math.univ-toulouse.fr
Meles,Baptiste,baptiste.meles@univ-lorraine.fr
MIQUEY,Etienne,etienne.miquey@gmail.com
Obradovic,Jovana,jovana@pps.univ-paris-diderot.fr
Parlant,Louis,Louis.Parlant@ens-lyon.fr
Pédrot,Pierre-Marie,pierre-marie.pedrot@inria.fr
Pous,Damien,Damien.Pous@ens-lyon.fr
Ramos,Marcus,mvmramos@gmail.com
REGIS-GIANAS,Yann,yrg@pps.univ-paris-diderot.fr
Savic,Nenad,nsavic@uns.ac.rs
Serban,Cristina,cristina.serban89@gmail.com
Sibut-Pinote,Thomas,thomas.sibut-pinote@inria.fr
Sozeau,Matthieu,matthieu.sozeau@inria.fr
Vollinger,Kim,kim.voellinger@informatik.hu-berlin.de
Vial,Pierre,pvial@pps.univ-paris-diderot.fr
Zwolakowski,Jakub,qba@pps.univ-paris-diderot.fr
